year,district,population
2000,Gasabo,316528
2000,Musanze,301451
2001,Gasabo,328887
2001,Musanze,306421
2002,Gasabo,343031
2002,Musanze,311620
2003,Gasabo,358204
2003,Musanze,317116
2004,Gasabo,374482
2004,Musanze,322730
2005,Gasabo,391885
2005,Musanze,328347
2006,Gasabo,410732
2006,Musanze,334337
2007,Gasabo,431132
2007,Musanze,340537
2008,Gasabo,452572
2008,Musanze,346731
2009,Gasabo,475611
2009,Musanze,353100
2010,Gasabo,500745
2010,Musanze,359588
2011,Gasabo,526720
2011,Musanze,366244
2012,Gasabo,556764
2012,Musanze,372943
2013,Gasabo,587268
2013,Musanze,380069
2014,Gasabo,620461
2014,Musanze,387103
2015,Gasabo,655902
2015,Musanze,394681
2016,Gasabo,694635
2016,Musanze,402248
2017,Gasabo,736235
2017,Musanze,410173
2018,Gasabo,781024
2018,Musanze,418353
2019,Gasabo,830744
2019,Musanze,426621
2020,Gasabo,883424
2020,Musanze,435324
