district,year,population,linear_pred,log_pred,linear_err_%,log_err_%
Gasabo,2016,694635,647942.0,676148.0,-6.7,-2.7
Gasabo,2017,736235,670267.0,709944.0,-9.0,-3.6
Gasabo,2018,781024,692592.0,745430.0,-11.3,-4.6
Gasabo,2019,830744,714916.0,782689.0,-13.9,-5.8
Gasabo,2020,883424,737241.0,821810.0,-16.5,-7.0
Musanze,2016,402248,398013.0,400902.0,-1.1,-0.3
Musanze,2017,410173,404228.0,408187.0,-1.4,-0.5
Musanze,2018,418353,410443.0,415604.0,-1.9,-0.7
Musanze,2019,426621,416657.0,423157.0,-2.3,-0.8
Musanze,2020,435324,422872.0,430846.0,-2.9,-1.0
