district,year,population
Gasabo,2000,316528
Musanze,2000,301451
Gasabo,2001,328887
Musanze,2001,306421
Gasabo,2002,343031
Musanze,2002,311620
Gasabo,2003,358204
Musanze,2003,317116
Gasabo,2004,374482
Musanze,2004,322730
Gasabo,2005,391885
Musanze,2005,328347
Gasabo,2006,410732
Musanze,2006,334337
Gasabo,2007,431132
Musanze,2007,340537
Gasabo,2008,452572
Musanze,2008,346731
Gasabo,2009,475611
Musanze,2009,353100
Gasabo,2010,500745
Musanze,2010,359588
Gasabo,2011,526720
Musanze,2011,366244
Gasabo,2012,556764
Musanze,2012,372943
Gasabo,2013,587268
Musanze,2013,380069
Gasabo,2014,620461
Musanze,2014,387103
Gasabo,2015,655902
Musanze,2015,394681
Gasabo,2016,694635
Musanze,2016,402248
Gasabo,2017,736235
Musanze,2017,410173
Gasabo,2018,781024
Musanze,2018,418353
Gasabo,2019,830744
Musanze,2019,426621
Gasabo,2020,883424
Musanze,2020,435324
